lr-AdamW,lr-AdamW-1,step
1e-06,1e-06,0
0.0002505,2.5500000000000003e-05,10
0.0005,5.000000000000001e-05,20
