{
    "meta": {
        "obj_cat": "StorageFurniture"
    },
    "diffuse_tree": [
        {
            "id": 0,
            "name": "base",
            "parent": -1,
            "children": [
                1,
                3
            ],
            "aabb": {
                "center": [
                    -0.010276556015014648,
                    -0.04584300518035889,
                    -0.0235292911529541
                ],
                "size": [
                    0.6330046057701111,
                    1.6898730993270874,
                    0.7635620832443237
                ]
            },
            "joint": {
                "type": "fixed",
                "range": [
                    0.0,
                    0.0
                ],
                "axis": {
                    "direction": [
                        0.0,
                        0.0,
                        0.0
                    ],
                    "origin": [
                        0.0,
                        0.0,
                        0.0
                    ]
                }
            }
        },
        {
            "id": 1,
            "name": "drawer",
            "parent": 0,
            "children": [
                2
            ],
            "aabb": {
                "center": [
                    -0.01637008786201477,
                    -0.3703870177268982,
                    0.01431320607662201
                ],
                "size": [
                    0.6260474324226379,
                    0.8247197866439819,
                    0.6962504386901855
                ]
            },
            "joint": {
                "type": "prismatic",
                "range": [
                    0.0,
                    0.43591412901878357
                ],
                "axis": {
                    "direction": [
                        0.001374896615743637,
                        -0.0015852299984544516,
                        0.9999977946281433
                    ],
                    "origin": [
                        -0.01637008786201477,
                        -0.3703870177268982,
                        0.01431320607662201
                    ]
                }
            }
        },
        {
            "id": 2,
            "name": "handle",
            "parent": 1,
            "children": [],
            "aabb": {
                "center": [
                    -0.010500125586986542,
                    -0.10017184913158417,
                    0.37248772382736206
                ],
                "size": [
                    0.2165394425392151,
                    0.03921905905008316,
                    0.040680527687072754
                ]
            },
            "joint": {
                "type": "fixed",
                "range": [
                    0.0,
                    0.0
                ],
                "axis": {
                    "direction": [
                        0.0,
                        0.0,
                        0.0
                    ],
                    "origin": [
                        0.0,
                        0.0,
                        0.0
                    ]
                }
            }
        },
        {
            "id": 3,
            "name": "drawer",
            "parent": 0,
            "children": [
                4
            ],
            "aabb": {
                "center": [
                    -0.01680569350719452,
                    0.4147179424762726,
                    0.0138368159532547
                ],
                "size": [
                    0.5986596345901489,
                    0.7065079808235168,
                    0.7051365375518799
                ]
            },
            "joint": {
                "type": "prismatic",
                "range": [
                    0.0,
                    0.43554750084877014
                ],
                "axis": {
                    "direction": [
                        0.00042564640170894563,
                        -0.0023120748810470104,
                        0.9999973177909851
                    ],
                    "origin": [
                        -0.01680569350719452,
                        0.4147179424762726,
                        0.0138368159532547
                    ]
                }
            }
        },
        {
            "id": 4,
            "name": "handle",
            "parent": 3,
            "children": [],
            "aabb": {
                "center": [
                    -0.0186200849711895,
                    0.6319286823272705,
                    0.3748825788497925
                ],
                "size": [
                    0.2005407214164734,
                    0.05860346555709839,
                    0.04260045289993286
                ]
            },
            "joint": {
                "type": "fixed",
                "range": [
                    0.0,
                    0.0
                ],
                "axis": {
                    "direction": [
                        0.0,
                        0.0,
                        0.0
                    ],
                    "origin": [
                        0.0,
                        0.0,
                        0.0
                    ]
                }
            }
        }
    ]
}